layer,token,logit
0, Yes,-463.6658935546875
0, No,-464.5073547363281
1, Yes,-451.22027587890625
1, No,-453.45794677734375
2, Yes,-454.3983154296875
2, No,-457.18011474609375
3, Yes,-454.89312744140625
3, No,-458.72137451171875
4, Yes,-476.7666320800781
4, No,-481.0780029296875
5, Yes,-3965.793212890625
5, No,-3970.005126953125
