layer,token,logit
0, Yes,-463.6220397949219
0, No,-464.39434814453125
1, Yes,-450.1137390136719
1, No,-452.6644592285156
2, Yes,-460.1640930175781
2, No,-462.6216735839844
3, Yes,-456.38232421875
3, No,-459.9159851074219
4, Yes,-489.5311279296875
4, No,-494.0049743652344
5, Yes,-3872.20361328125
5, No,-3874.9443359375
