layer,token,logit
0, Yes,-462.14111328125
0, No,-462.8944091796875
1, Yes,-450.1790466308594
1, No,-452.4914245605469
2, Yes,-443.05572509765625
2, No,-445.7734375
3, Yes,-451.20220947265625
3, No,-454.688232421875
4, Yes,-493.59063720703125
4, No,-498.7423095703125
5, Yes,-3697.506103515625
5, No,-3704.55615234375
