layer,token,logit
0, Yes,-462.76300048828125
0, No,-463.6219787597656
1, Yes,-452.07958984375
1, No,-454.51593017578125
2, Yes,-458.5152893066406
2, No,-460.4721374511719
3, Yes,-456.509521484375
3, No,-460.2596130371094
4, Yes,-492.75860595703125
4, No,-498.0898742675781
5, Yes,-3711.405029296875
5, No,-3716.13916015625
