layer,token,logit
0, Yes,-465.6348876953125
0, No,-466.01861572265625
1, Yes,-448.3845520019531
1, No,-449.6263427734375
2, Yes,-450.1777038574219
2, No,-452.6077880859375
3, Yes,-457.09521484375
3, No,-460.1942443847656
4, Yes,-488.22100830078125
4, No,-489.98638916015625
5, Yes,-4059.236083984375
5, No,-4061.78369140625
